,name,rating,price
0,"<a class=""s1Q9rs"" href=""/boat-aavante-bar-thump-200w-rms-2-1-ch-wired-subwoofer-200-w-bluetooth-soundbar/p/itmc1e6cb37cecf2?pid=ACCGNHJG2Y9HRZUY&amp;lid=LSTACCGNHJG2Y9HRZUYAYVGXX&amp;marketplace=FLIPKART&amp;q=jbl+speakers&amp;store=0pm%2F0o7&amp;srno=s_1_1&amp;otracker=AS_QueryStore_OrganicAutoSuggest_1_3_na_na_na&amp;otracker1=AS_QueryStore_OrganicAutoSuggest_1_3_na_na_na&amp;fm=organic&amp;iid=en_4W3wTM8XzRBhgukZyry8pcCoCdH2Wrv4VemOLBpzgBspgQFGkgwdpTvlcS9HI%2FzJt3ondYtVmDavAIaJMt2%2BJA%3D%3D&amp;ppt=None&amp;ppn=None&amp;ssid=coevk7gmgg0000001680341268552&amp;qH=2ea9581aee816b69"" rel=""noopener noreferrer"" target=""_blank"" title=""boAt Aavante Bar Thump with 200W RMS, 2.1 CH with Wired Subwoofer 200 W Bluetooth Soundbar"">boAt Aavante Bar Thump with 200W RMS, 2.1 CH with Wired...</a>","<div class=""_3LWZlK"">4.2<img class=""_1wB99o"" src=""data:image/svg+xml;base64,PHN2ZyB4bWxucz0iaHR0cDovL3d3dy53My5vcmcvMjAwMC9zdmciIHdpZHRoPSIxMyIgaGVpZ2h0PSIxMiI+PHBhdGggZmlsbD0iI0ZGRiIgZD0iTTYuNSA5LjQzOWwtMy42NzQgMi4yMy45NC00LjI2LTMuMjEtMi44ODMgNC4yNTQtLjQwNEw2LjUuMTEybDEuNjkgNC4wMSA0LjI1NC40MDQtMy4yMSAyLjg4Mi45NCA0LjI2eiIvPjwvc3ZnPg==""/></div>","<div class=""_30jeq3"">₹8,999</div>"
1,"<a class=""s1Q9rs"" href=""/boat-aavante-bar-tune-60w-rms-sleek-design-remote-control-60-w-bluetooth-soundbar/p/itm24798b6841d32?pid=ACCGM2KDHKTUDTTF&amp;lid=LSTACCGM2KDHKTUDTTFHAXDIN&amp;marketplace=FLIPKART&amp;q=jbl+speakers&amp;store=0pm%2F0o7&amp;srno=s_1_2&amp;otracker=AS_QueryStore_OrganicAutoSuggest_1_3_na_na_na&amp;otracker1=AS_QueryStore_OrganicAutoSuggest_1_3_na_na_na&amp;fm=organic&amp;iid=en_4W3wTM8XzRBhgukZyry8pcCoCdH2Wrv4VemOLBpzgBsPtlybTwa4j8%2F45peq7pDJby3zTxNluvWwdV06Wgnjnw%3D%3D&amp;ppt=None&amp;ppn=None&amp;ssid=coevk7gmgg0000001680341268552&amp;qH=2ea9581aee816b69"" rel=""noopener noreferrer"" target=""_blank"" title=""boAt Aavante Bar Tune with 60W RMS with Sleek Design &amp; Remote Control 60 W Bluetooth Soundbar"">boAt Aavante Bar Tune with 60W RMS with Sleek Design &amp; ...</a>","<div class=""_3LWZlK"">3.8<img class=""_1wB99o"" src=""data:image/svg+xml;base64,PHN2ZyB4bWxucz0iaHR0cDovL3d3dy53My5vcmcvMjAwMC9zdmciIHdpZHRoPSIxMyIgaGVpZ2h0PSIxMiI+PHBhdGggZmlsbD0iI0ZGRiIgZD0iTTYuNSA5LjQzOWwtMy42NzQgMi4yMy45NC00LjI2LTMuMjEtMi44ODMgNC4yNTQtLjQwNEw2LjUuMTEybDEuNjkgNC4wMSA0LjI1NC40MDQtMy4yMSAyLjg4Mi45NCA0LjI2eiIvPjwvc3ZnPg==""/></div>","<div class=""_30jeq3"">₹3,999</div>"
2,"<a class=""s1Q9rs"" href=""/jbl-go-essential-rich-bass-5-hrs-playtime-ipx7-waterproof-ultra-portable-3-1-w-bluetooth-speaker/p/itm1c2d1118508ca?pid=ACCGCYFS8FW4G3FG&amp;lid=LSTACCGCYFS8FW4G3FGNYVONT&amp;marketplace=FLIPKART&amp;q=jbl+speakers&amp;store=0pm%2F0o7&amp;spotlightTagId=BestsellerId_0pm%2F0o7&amp;srno=s_1_3&amp;otracker=AS_QueryStore_OrganicAutoSuggest_1_3_na_na_na&amp;otracker1=AS_QueryStore_OrganicAutoSuggest_1_3_na_na_na&amp;fm=organic&amp;iid=1c28ad33-5f25-4651-bf6d-1aaf661aa9ec.ACCGCYFS8FW4G3FG.SEARCH&amp;ppt=None&amp;ppn=None&amp;ssid=coevk7gmgg0000001680341268552&amp;qH=2ea9581aee816b69"" rel=""noopener noreferrer"" target=""_blank"" title=""JBL Go Essential with Rich Bass, 5 Hrs Playtime, IPX7 Waterproof, Ultra Portable 3.1 W Bluetooth Speaker"">JBL Go Essential with Rich Bass, 5 Hrs Playtime, IPX7 W...</a>","<div class=""_3LWZlK"">4.2<img class=""_1wB99o"" src=""data:image/svg+xml;base64,PHN2ZyB4bWxucz0iaHR0cDovL3d3dy53My5vcmcvMjAwMC9zdmciIHdpZHRoPSIxMyIgaGVpZ2h0PSIxMiI+PHBhdGggZmlsbD0iI0ZGRiIgZD0iTTYuNSA5LjQzOWwtMy42NzQgMi4yMy45NC00LjI2LTMuMjEtMi44ODMgNC4yNTQtLjQwNEw2LjUuMTEybDEuNjkgNC4wMSA0LjI1NC40MDQtMy4yMSAyLjg4Mi45NCA0LjI2eiIvPjwvc3ZnPg==""/></div>","<div class=""_30jeq3"">₹1,899</div>"
3,"<a class=""s1Q9rs"" href=""/jbl-go-essential-rich-bass-5-hrs-playtime-ipx7-waterproof-ultra-portable-3-1-w-bluetooth-speaker/p/itmabad18a769b0e?pid=ACCGCYFSJDQYHJ9R&amp;lid=LSTACCGCYFSJDQYHJ9R5Q7JHR&amp;marketplace=FLIPKART&amp;q=jbl+speakers&amp;store=0pm%2F0o7&amp;srno=s_1_4&amp;otracker=AS_QueryStore_OrganicAutoSuggest_1_3_na_na_na&amp;otracker1=AS_QueryStore_OrganicAutoSuggest_1_3_na_na_na&amp;fm=organic&amp;iid=1c28ad33-5f25-4651-bf6d-1aaf661aa9ec.ACCGCYFSJDQYHJ9R.SEARCH&amp;ppt=None&amp;ppn=None&amp;ssid=coevk7gmgg0000001680341268552&amp;qH=2ea9581aee816b69"" rel=""noopener noreferrer"" target=""_blank"" title=""JBL Go Essential with Rich Bass, 5 Hrs Playtime, IPX7 Waterproof, Ultra Portable 3.1 W Bluetooth Speaker"">JBL Go Essential with Rich Bass, 5 Hrs Playtime, IPX7 W...</a>","<div class=""_3LWZlK"">4.2<img class=""_1wB99o"" src=""data:image/svg+xml;base64,PHN2ZyB4bWxucz0iaHR0cDovL3d3dy53My5vcmcvMjAwMC9zdmciIHdpZHRoPSIxMyIgaGVpZ2h0PSIxMiI+PHBhdGggZmlsbD0iI0ZGRiIgZD0iTTYuNSA5LjQzOWwtMy42NzQgMi4yMy45NC00LjI2LTMuMjEtMi44ODMgNC4yNTQtLjQwNEw2LjUuMTEybDEuNjkgNC4wMSA0LjI1NC40MDQtMy4yMSAyLjg4Mi45NCA0LjI2eiIvPjwvc3ZnPg==""/></div>","<div class=""_30jeq3"">₹1,899</div>"
4,"<a class=""s1Q9rs"" href=""/jbl-cinema-sb270-dolby-digital-wireless-subwoofer-remote-hdmi-arc-220-w-bluetooth-soundbar/p/itm003a0fb8ecf42?pid=ACCGFX72DXBTMURM&amp;lid=LSTACCGFX72DXBTMURMJQDXSD&amp;marketplace=FLIPKART&amp;q=jbl+speakers&amp;store=0pm%2F0o7&amp;srno=s_1_5&amp;otracker=AS_QueryStore_OrganicAutoSuggest_1_3_na_na_na&amp;otracker1=AS_QueryStore_OrganicAutoSuggest_1_3_na_na_na&amp;fm=organic&amp;iid=1c28ad33-5f25-4651-bf6d-1aaf661aa9ec.ACCGFX72DXBTMURM.SEARCH&amp;ppt=None&amp;ppn=None&amp;ssid=coevk7gmgg0000001680341268552&amp;qH=2ea9581aee816b69"" rel=""noopener noreferrer"" target=""_blank"" title=""JBL Cinema SB270,Dolby Digital,Wireless Subwoofer with Remote,HDMI ARC 220 W Bluetooth Soundbar"">JBL Cinema SB270,Dolby Digital,Wireless Subwoofer with ...</a>","<div class=""_3LWZlK"">4.1<img class=""_1wB99o"" src=""data:image/svg+xml;base64,PHN2ZyB4bWxucz0iaHR0cDovL3d3dy53My5vcmcvMjAwMC9zdmciIHdpZHRoPSIxMyIgaGVpZ2h0PSIxMiI+PHBhdGggZmlsbD0iI0ZGRiIgZD0iTTYuNSA5LjQzOWwtMy42NzQgMi4yMy45NC00LjI2LTMuMjEtMi44ODMgNC4yNTQtLjQwNEw2LjUuMTEybDEuNjkgNC4wMSA0LjI1NC40MDQtMy4yMSAyLjg4Mi45NCA0LjI2eiIvPjwvc3ZnPg==""/></div>","<div class=""_30jeq3"">₹12,999</div>"
5,"<a class=""s1Q9rs"" href=""/jbl-go-essential-rich-bass-5-hrs-playtime-ipx7-waterproof-ultra-portable-3-1-w-bluetooth-speaker/p/itmf554c0dbe3f2a?pid=ACCGCYFSAXJDBWHF&amp;lid=LSTACCGCYFSAXJDBWHFHSA6XH&amp;marketplace=FLIPKART&amp;q=jbl+speakers&amp;store=0pm%2F0o7&amp;srno=s_1_6&amp;otracker=AS_QueryStore_OrganicAutoSuggest_1_3_na_na_na&amp;otracker1=AS_QueryStore_OrganicAutoSuggest_1_3_na_na_na&amp;fm=organic&amp;iid=1c28ad33-5f25-4651-bf6d-1aaf661aa9ec.ACCGCYFSAXJDBWHF.SEARCH&amp;ppt=None&amp;ppn=None&amp;ssid=coevk7gmgg0000001680341268552&amp;qH=2ea9581aee816b69"" rel=""noopener noreferrer"" target=""_blank"" title=""JBL Go Essential with Rich Bass, 5 Hrs Playtime, IPX7 Waterproof, Ultra Portable 3.1 W Bluetooth Speaker"">JBL Go Essential with Rich Bass, 5 Hrs Playtime, IPX7 W...</a>","<div class=""_3LWZlK"">4.2<img class=""_1wB99o"" src=""data:image/svg+xml;base64,PHN2ZyB4bWxucz0iaHR0cDovL3d3dy53My5vcmcvMjAwMC9zdmciIHdpZHRoPSIxMyIgaGVpZ2h0PSIxMiI+PHBhdGggZmlsbD0iI0ZGRiIgZD0iTTYuNSA5LjQzOWwtMy42NzQgMi4yMy45NC00LjI2LTMuMjEtMi44ODMgNC4yNTQtLjQwNEw2LjUuMTEybDEuNjkgNC4wMSA0LjI1NC40MDQtMy4yMSAyLjg4Mi45NCA0LjI2eiIvPjwvc3ZnPg==""/></div>","<div class=""_30jeq3"">₹1,899</div>"
6,"<a class=""s1Q9rs"" href=""/jbl-flip-6-12hr-playtime-customize-audio-app-ip67-rating-portable-30-w-bluetooth-speaker/p/itm27c3ec950e415?pid=ACCGC7VQ9K6UAYVQ&amp;lid=LSTACCGC7VQ9K6UAYVQTCPPOE&amp;marketplace=FLIPKART&amp;q=jbl+speakers&amp;store=0pm%2F0o7&amp;srno=s_1_7&amp;otracker=AS_QueryStore_OrganicAutoSuggest_1_3_na_na_na&amp;otracker1=AS_QueryStore_OrganicAutoSuggest_1_3_na_na_na&amp;fm=organic&amp;iid=1c28ad33-5f25-4651-bf6d-1aaf661aa9ec.ACCGC7VQ9K6UAYVQ.SEARCH&amp;ppt=None&amp;ppn=None&amp;ssid=coevk7gmgg0000001680341268552&amp;qH=2ea9581aee816b69"" rel=""noopener noreferrer"" target=""_blank"" title=""JBL Flip 6 with 12Hr Playtime, Customize Audio by JBL App,IP67 Rating, Portable 30 W Bluetooth Speaker"">JBL Flip 6 with 12Hr Playtime, Customize Audio by JBL A...</a>","<div class=""_3LWZlK"">4.4<img class=""_1wB99o"" src=""data:image/svg+xml;base64,PHN2ZyB4bWxucz0iaHR0cDovL3d3dy53My5vcmcvMjAwMC9zdmciIHdpZHRoPSIxMyIgaGVpZ2h0PSIxMiI+PHBhdGggZmlsbD0iI0ZGRiIgZD0iTTYuNSA5LjQzOWwtMy42NzQgMi4yMy45NC00LjI2LTMuMjEtMi44ODMgNC4yNTQtLjQwNEw2LjUuMTEybDEuNjkgNC4wMSA0LjI1NC40MDQtMy4yMSAyLjg4Mi45NCA0LjI2eiIvPjwvc3ZnPg==""/></div>","<div class=""_30jeq3"">₹10,999</div>"
7,"<a class=""s1Q9rs"" href=""/boat-aavante-bar-3100d-260-w-bluetooth-soundbar/p/itm3db05085f873d?pid=ACCFTAZKFKWEHFP2&amp;lid=LSTACCFTAZKFKWEHFP2EPDKHC&amp;marketplace=FLIPKART&amp;q=jbl+speakers&amp;store=0pm%2F0o7&amp;srno=s_1_8&amp;otracker=AS_QueryStore_OrganicAutoSuggest_1_3_na_na_na&amp;otracker1=AS_QueryStore_OrganicAutoSuggest_1_3_na_na_na&amp;fm=organic&amp;iid=en_4W3wTM8XzRBhgukZyry8pcCoCdH2Wrv4VemOLBpzgBu7rkC3qFIdQPEM83Q13%2FBSu%2FjxyIeXwA%2B93OopMTZaQg%3D%3D&amp;ppt=None&amp;ppn=None&amp;ssid=coevk7gmgg0000001680341268552&amp;qH=2ea9581aee816b69"" rel=""noopener noreferrer"" target=""_blank"" title=""boAt Aavante Bar 3100D 260 W Bluetooth Soundbar"">boAt Aavante Bar 3100D 260 W Bluetooth Soundbar</a>","<div class=""_3LWZlK"">4.2<img class=""_1wB99o"" src=""data:image/svg+xml;base64,PHN2ZyB4bWxucz0iaHR0cDovL3d3dy53My5vcmcvMjAwMC9zdmciIHdpZHRoPSIxMyIgaGVpZ2h0PSIxMiI+PHBhdGggZmlsbD0iI0ZGRiIgZD0iTTYuNSA5LjQzOWwtMy42NzQgMi4yMy45NC00LjI2LTMuMjEtMi44ODMgNC4yNTQtLjQwNEw2LjUuMTEybDEuNjkgNC4wMSA0LjI1NC40MDQtMy4yMSAyLjg4Mi45NCA0LjI2eiIvPjwvc3ZnPg==""/></div>","<div class=""_30jeq3"">₹13,999</div>"
8,"<a class=""s1Q9rs"" href=""/jbl-cinema-sb240-dolby-digital-sound-remote-hdmi-arc-110-w-bluetooth-soundbar/p/itmfc135b5517b58?pid=ACCGFX72HZHZCGHT&amp;lid=LSTACCGFX72HZHZCGHTWSUYKX&amp;marketplace=FLIPKART&amp;q=jbl+speakers&amp;store=0pm%2F0o7&amp;srno=s_1_9&amp;otracker=AS_QueryStore_OrganicAutoSuggest_1_3_na_na_na&amp;otracker1=AS_QueryStore_OrganicAutoSuggest_1_3_na_na_na&amp;fm=organic&amp;iid=1c28ad33-5f25-4651-bf6d-1aaf661aa9ec.ACCGFX72HZHZCGHT.SEARCH&amp;ppt=None&amp;ppn=None&amp;ssid=coevk7gmgg0000001680341268552&amp;qH=2ea9581aee816b69"" rel=""noopener noreferrer"" target=""_blank"" title=""JBL Cinema SB240 with Dolby Digital Sound with Remote,HDMI ARC 110 W Bluetooth Soundbar"">JBL Cinema SB240 with Dolby Digital Sound with Remote,H...</a>","<div class=""_3LWZlK"">4<img class=""_1wB99o"" src=""data:image/svg+xml;base64,PHN2ZyB4bWxucz0iaHR0cDovL3d3dy53My5vcmcvMjAwMC9zdmciIHdpZHRoPSIxMyIgaGVpZ2h0PSIxMiI+PHBhdGggZmlsbD0iI0ZGRiIgZD0iTTYuNSA5LjQzOWwtMy42NzQgMi4yMy45NC00LjI2LTMuMjEtMi44ODMgNC4yNTQtLjQwNEw2LjUuMTEybDEuNjkgNC4wMSA0LjI1NC40MDQtMy4yMSAyLjg4Mi45NCA0LjI2eiIvPjwvc3ZnPg==""/></div>","<div class=""_30jeq3"">₹8,999</div>"
9,"<a class=""s1Q9rs"" href=""/jbl-go-3-4-2-w-bluetooth-speaker/p/itm63ed62ad35c0b?pid=ACCG36E74ETRJWJ4&amp;lid=LSTACCG36E74ETRJWJ4COXATI&amp;marketplace=FLIPKART&amp;q=jbl+speakers&amp;store=0pm%2F0o7&amp;srno=s_1_10&amp;otracker=AS_QueryStore_OrganicAutoSuggest_1_3_na_na_na&amp;otracker1=AS_QueryStore_OrganicAutoSuggest_1_3_na_na_na&amp;fm=organic&amp;iid=1c28ad33-5f25-4651-bf6d-1aaf661aa9ec.ACCG36E74ETRJWJ4.SEARCH&amp;ppt=None&amp;ppn=None&amp;ssid=coevk7gmgg0000001680341268552&amp;qH=2ea9581aee816b69"" rel=""noopener noreferrer"" target=""_blank"" title=""JBL GO 3 4.2 W Bluetooth Speaker"">JBL GO 3 4.2 W Bluetooth Speaker</a>","<div class=""_3LWZlK"">4.4<img class=""_1wB99o"" src=""data:image/svg+xml;base64,PHN2ZyB4bWxucz0iaHR0cDovL3d3dy53My5vcmcvMjAwMC9zdmciIHdpZHRoPSIxMyIgaGVpZ2h0PSIxMiI+PHBhdGggZmlsbD0iI0ZGRiIgZD0iTTYuNSA5LjQzOWwtMy42NzQgMi4yMy45NC00LjI2LTMuMjEtMi44ODMgNC4yNTQtLjQwNEw2LjUuMTEybDEuNjkgNC4wMSA0LjI1NC40MDQtMy4yMSAyLjg4Mi45NCA0LjI2eiIvPjwvc3ZnPg==""/></div>","<div class=""_30jeq3"">₹3,313</div>"
10,"<a class=""s1Q9rs"" href=""/jbl-go3-4-2-w-bluetooth-speaker/p/itm51be5c1e6d040?pid=ACCFZZPQFYWT2FQB&amp;lid=LSTACCFZZPQFYWT2FQBZ8FB6K&amp;marketplace=FLIPKART&amp;q=jbl+speakers&amp;store=0pm%2F0o7&amp;srno=s_1_11&amp;otracker=AS_QueryStore_OrganicAutoSuggest_1_3_na_na_na&amp;otracker1=AS_QueryStore_OrganicAutoSuggest_1_3_na_na_na&amp;fm=organic&amp;iid=1c28ad33-5f25-4651-bf6d-1aaf661aa9ec.ACCFZZPQFYWT2FQB.SEARCH&amp;ppt=None&amp;ppn=None&amp;ssid=coevk7gmgg0000001680341268552&amp;qH=2ea9581aee816b69"" rel=""noopener noreferrer"" target=""_blank"" title=""JBL GO3 4.2 W Bluetooth Speaker"">JBL GO3 4.2 W Bluetooth Speaker</a>","<div class=""_3LWZlK"">4.4<img class=""_1wB99o"" src=""data:image/svg+xml;base64,PHN2ZyB4bWxucz0iaHR0cDovL3d3dy53My5vcmcvMjAwMC9zdmciIHdpZHRoPSIxMyIgaGVpZ2h0PSIxMiI+PHBhdGggZmlsbD0iI0ZGRiIgZD0iTTYuNSA5LjQzOWwtMy42NzQgMi4yMy45NC00LjI2LTMuMjEtMi44ODMgNC4yNTQtLjQwNEw2LjUuMTEybDEuNjkgNC4wMSA0LjI1NC40MDQtMy4yMSAyLjg4Mi45NCA0LjI2eiIvPjwvc3ZnPg==""/></div>","<div class=""_30jeq3"">₹3,199</div>"
11,"<a class=""s1Q9rs"" href=""/boat-aavante-bar-1600d-120-w-bluetooth-soundbar/p/itmdd0aa86f0bf12?pid=ACCG7632H2KAMQAB&amp;lid=LSTACCG7632H2KAMQABPUDGIP&amp;marketplace=FLIPKART&amp;q=jbl+speakers&amp;store=0pm%2F0o7&amp;srno=s_1_12&amp;otracker=AS_QueryStore_OrganicAutoSuggest_1_3_na_na_na&amp;otracker1=AS_QueryStore_OrganicAutoSuggest_1_3_na_na_na&amp;fm=organic&amp;iid=en_4W3wTM8XzRBhgukZyry8pcCoCdH2Wrv4VemOLBpzgBs4gjxupqoiPXaz2QHoL010mrPn70WxLSwiJ3SYsuGkwQ%3D%3D&amp;ppt=None&amp;ppn=None&amp;ssid=coevk7gmgg0000001680341268552&amp;qH=2ea9581aee816b69"" rel=""noopener noreferrer"" target=""_blank"" title=""boAt Aavante Bar 1600D 120 W Bluetooth Soundbar"">boAt Aavante Bar 1600D 120 W Bluetooth Soundbar</a>","<div class=""_3LWZlK"">4.3<img class=""_1wB99o"" src=""data:image/svg+xml;base64,PHN2ZyB4bWxucz0iaHR0cDovL3d3dy53My5vcmcvMjAwMC9zdmciIHdpZHRoPSIxMyIgaGVpZ2h0PSIxMiI+PHBhdGggZmlsbD0iI0ZGRiIgZD0iTTYuNSA5LjQzOWwtMy42NzQgMi4yMy45NC00LjI2LTMuMjEtMi44ODMgNC4yNTQtLjQwNEw2LjUuMTEybDEuNjkgNC4wMSA0LjI1NC40MDQtMy4yMSAyLjg4Mi45NCA0LjI2eiIvPjwvc3ZnPg==""/></div>","<div class=""_30jeq3"">₹8,999</div>"
12,"<a class=""s1Q9rs"" href=""/jbl-flip-essential-ipx7-waterproof-16-w-bluetooth-speaker/p/itme99859d0d92a2?pid=ACCFMPZGUUFHJCZF&amp;lid=LSTACCFMPZGUUFHJCZF2G9PSD&amp;marketplace=FLIPKART&amp;q=jbl+speakers&amp;store=0pm%2F0o7&amp;spotlightTagId=BestsellerId_0pm%2F0o7&amp;srno=s_1_13&amp;otracker=AS_QueryStore_OrganicAutoSuggest_1_3_na_na_na&amp;otracker1=AS_QueryStore_OrganicAutoSuggest_1_3_na_na_na&amp;fm=organic&amp;iid=1c28ad33-5f25-4651-bf6d-1aaf661aa9ec.ACCFMPZGUUFHJCZF.SEARCH&amp;ppt=None&amp;ppn=None&amp;ssid=coevk7gmgg0000001680341268552&amp;qH=2ea9581aee816b69"" rel=""noopener noreferrer"" target=""_blank"" title=""JBL Flip Essential IPX7 Waterproof 16 W Bluetooth Speaker"">JBL Flip Essential IPX7 Waterproof 16 W Bluetooth Speak...</a>","<div class=""_3LWZlK"">4.4<img class=""_1wB99o"" src=""data:image/svg+xml;base64,PHN2ZyB4bWxucz0iaHR0cDovL3d3dy53My5vcmcvMjAwMC9zdmciIHdpZHRoPSIxMyIgaGVpZ2h0PSIxMiI+PHBhdGggZmlsbD0iI0ZGRiIgZD0iTTYuNSA5LjQzOWwtMy42NzQgMi4yMy45NC00LjI2LTMuMjEtMi44ODMgNC4yNTQtLjQwNEw2LjUuMTEybDEuNjkgNC4wMSA0LjI1NC40MDQtMy4yMSAyLjg4Mi45NCA0LjI2eiIvPjwvc3ZnPg==""/></div>","<div class=""_30jeq3"">₹5,999</div>"
13,"<a class=""s1Q9rs"" href=""/jbl-flip-essential-2-deep-bass-10hrs-playtime-ipx7-waterproof-portable-20-w-bluetooth-speaker/p/itm0c5dc7f7fee4a?pid=ACCGHKFK5GCTJVM8&amp;lid=LSTACCGHKFK5GCTJVM89IWRHM&amp;marketplace=FLIPKART&amp;q=jbl+speakers&amp;store=0pm%2F0o7&amp;srno=s_1_14&amp;otracker=AS_QueryStore_OrganicAutoSuggest_1_3_na_na_na&amp;otracker1=AS_QueryStore_OrganicAutoSuggest_1_3_na_na_na&amp;fm=organic&amp;iid=1c28ad33-5f25-4651-bf6d-1aaf661aa9ec.ACCGHKFK5GCTJVM8.SEARCH&amp;ppt=None&amp;ppn=None&amp;ssid=coevk7gmgg0000001680341268552&amp;qH=2ea9581aee816b69"" rel=""noopener noreferrer"" target=""_blank"" title=""JBL Flip Essential 2, Deep Bass, 10Hrs Playtime, IPX7 Waterproof, Portable 20 W Bluetooth Speaker"">JBL Flip Essential 2, Deep Bass, 10Hrs Playtime, IPX7 W...</a>","<div class=""_3LWZlK"">4.4<img class=""_1wB99o"" src=""data:image/svg+xml;base64,PHN2ZyB4bWxucz0iaHR0cDovL3d3dy53My5vcmcvMjAwMC9zdmciIHdpZHRoPSIxMyIgaGVpZ2h0PSIxMiI+PHBhdGggZmlsbD0iI0ZGRiIgZD0iTTYuNSA5LjQzOWwtMy42NzQgMi4yMy45NC00LjI2LTMuMjEtMi44ODMgNC4yNTQtLjQwNEw2LjUuMTEybDEuNjkgNC4wMSA0LjI1NC40MDQtMy4yMSAyLjg4Mi45NCA0LjI2eiIvPjwvc3ZnPg==""/></div>","<div class=""_30jeq3"">₹6,799</div>"
14,"<a class=""s1Q9rs"" href=""/jbl-go-3-4-2-w-bluetooth-speaker/p/itmadd6de5c5dbfa?pid=ACCG36E7TRZRHGKM&amp;lid=LSTACCG36E7TRZRHGKMPOHCJ7&amp;marketplace=FLIPKART&amp;q=jbl+speakers&amp;store=0pm%2F0o7&amp;srno=s_1_15&amp;otracker=AS_QueryStore_OrganicAutoSuggest_1_3_na_na_na&amp;otracker1=AS_QueryStore_OrganicAutoSuggest_1_3_na_na_na&amp;fm=organic&amp;iid=1c28ad33-5f25-4651-bf6d-1aaf661aa9ec.ACCG36E7TRZRHGKM.SEARCH&amp;ppt=None&amp;ppn=None&amp;ssid=coevk7gmgg0000001680341268552&amp;qH=2ea9581aee816b69"" rel=""noopener noreferrer"" target=""_blank"" title=""JBL GO 3 4.2 W Bluetooth Speaker"">JBL GO 3 4.2 W Bluetooth Speaker</a>","<div class=""_3LWZlK"">4.4<img class=""_1wB99o"" src=""data:image/svg+xml;base64,PHN2ZyB4bWxucz0iaHR0cDovL3d3dy53My5vcmcvMjAwMC9zdmciIHdpZHRoPSIxMyIgaGVpZ2h0PSIxMiI+PHBhdGggZmlsbD0iI0ZGRiIgZD0iTTYuNSA5LjQzOWwtMy42NzQgMi4yMy45NC00LjI2LTMuMjEtMi44ODMgNC4yNTQtLjQwNEw2LjUuMTEybDEuNjkgNC4wMSA0LjI1NC40MDQtMy4yMSAyLjg4Mi45NCA0LjI2eiIvPjwvc3ZnPg==""/></div>","<div class=""_30jeq3"">₹3,222</div>"
15,"<a class=""s1Q9rs"" href=""/boat-aavante-bar-octave-2-2-channel-built-subwoofers-100-w-bluetooth-soundbar/p/itme5e84d98c6cfe?pid=ACCGGQEZB6G8TGG3&amp;lid=LSTACCGGQEZB6G8TGG342IGLS&amp;marketplace=FLIPKART&amp;q=jbl+speakers&amp;store=0pm%2F0o7&amp;srno=s_1_16&amp;otracker=AS_QueryStore_OrganicAutoSuggest_1_3_na_na_na&amp;otracker1=AS_QueryStore_OrganicAutoSuggest_1_3_na_na_na&amp;fm=organic&amp;iid=en_4W3wTM8XzRBhgukZyry8pcCoCdH2Wrv4VemOLBpzgBuJGaz9DDEoAZUGZ2tJfkcl62D5WWTw%2FF2hUpRletXKig%3D%3D&amp;ppt=None&amp;ppn=None&amp;ssid=coevk7gmgg0000001680341268552&amp;qH=2ea9581aee816b69"" rel=""noopener noreferrer"" target=""_blank"" title=""boAt Aavante Bar Octave with 2.2 Channel Built In Subwoofers 100 W Bluetooth Soundbar"">boAt Aavante Bar Octave with 2.2 Channel Built In Subwo...</a>","<div class=""_3LWZlK"">4.1<img class=""_1wB99o"" src=""data:image/svg+xml;base64,PHN2ZyB4bWxucz0iaHR0cDovL3d3dy53My5vcmcvMjAwMC9zdmciIHdpZHRoPSIxMyIgaGVpZ2h0PSIxMiI+PHBhdGggZmlsbD0iI0ZGRiIgZD0iTTYuNSA5LjQzOWwtMy42NzQgMi4yMy45NC00LjI2LTMuMjEtMi44ODMgNC4yNTQtLjQwNEw2LjUuMTEybDEuNjkgNC4wMSA0LjI1NC40MDQtMy4yMSAyLjg4Mi45NCA0LjI2eiIvPjwvc3ZnPg==""/></div>","<div class=""_30jeq3"">₹5,499</div>"
16,"<a class=""s1Q9rs"" href=""/zsiv-10w-dj-mini-speaker-3d-bass-new-arrival-wireless-bluetooth-car-laptop-home-audio-gaming-usb-fm-tf-card-line-aux-supported-rechargeable-100-brand-top-selling-stereo-multimedia-portable-mobile-tablet-long-life-battery-speaker-3d-ultra-sound-splashproof-water-resistant-extra-baas-sound-quality-home-theatre-supported-speaker-hour-premium-splashproof-high-arriving-power-boost-blast-tg113-waterproof-splashproof-dynamite-thunder-supported-sp-30-in-built-mobile-stand-6-hours-playtime-fm-radio-tws-function-tf-card-usb-speakers-5-w/p/itmf48f28dff4056?pid=ACCG8Y7CESMHNBCH&amp;lid=LSTACCG8Y7CESMHNBCHASLQ7C&amp;marketplace=FLIPKART&amp;q=jbl+speakers&amp;store=0pm%2F0o7&amp;srno=s_1_17&amp;otracker=AS_QueryStore_OrganicAutoSuggest_1_3_na_na_na&amp;otracker1=AS_QueryStore_OrganicAutoSuggest_1_3_na_na_na&amp;fm=organic&amp;iid=1c28ad33-5f25-4651-bf6d-1aaf661aa9ec.ACCG8Y7CESMHNBCH.SEARCH&amp;ppt=None&amp;ppn=None&amp;ssid=coevk7gmgg0000001680341268552&amp;qH=2ea9581aee816b69"" rel=""noopener noreferrer"" target=""_blank"" title=""ZSIV 10W Dj Mini Speaker 3D Bass New Arrival Wireless Bluetooth Speaker for car/laptop/home audio &amp; gaming With usb/fm/tf card &amp; line in aux supported Speaker Wireless Rechargeable 100% Brand New Top Selling Stereo DJ Multimedia Portable Speaker for Mobile/Tablet Long Life Battery Bluetooth Speaker, |3D Ultra sound| Splashproof| Water resistant| Extra Baas Stereo sound quality | mini Home theatre| AUX supported| wireless Speaker| Long hour battery Life | Wireless rechargeable portable Premium bass Multimedia | splashproof high sound bluetooth speaker | New Arriving Power boost high sound blast with ultra 3d bass New arrival tg113 waterproof/splashproof mini dynamite thunder sound Wireless Bluetooth Speaker for car/laptop/home audio &amp; gaming With usb/fm/tf card &amp; line in aux supported, Wireless Speaker SP-30 with In-Built Mobile Stand 6 Hours Playtime FM Radio TWS Function/TF Card/USB Ultra 3D Bass Splashproof Mini Dynamite Wireless Bluetooth Speaker for car/laptop/home audio &amp; gaming line Speakers 5 W Bluetooth Gaming Speaker"">ZSIV 10W Dj Mini Speaker 3D Bass New Arrival Wireless B...</a>","<div class=""_3LWZlK"">4<img class=""_1wB99o"" src=""data:image/svg+xml;base64,PHN2ZyB4bWxucz0iaHR0cDovL3d3dy53My5vcmcvMjAwMC9zdmciIHdpZHRoPSIxMyIgaGVpZ2h0PSIxMiI+PHBhdGggZmlsbD0iI0ZGRiIgZD0iTTYuNSA5LjQzOWwtMy42NzQgMi4yMy45NC00LjI2LTMuMjEtMi44ODMgNC4yNTQtLjQwNEw2LjUuMTEybDEuNjkgNC4wMSA0LjI1NC40MDQtMy4yMSAyLjg4Mi45NCA0LjI2eiIvPjwvc3ZnPg==""/></div>","<div class=""_30jeq3"">₹444</div>"
17,"<a class=""s1Q9rs"" href=""/chg-dynamic-metal-sound-high-bass-5-w-bluetooth-speaker-10-gaming/p/itm4caf569becbb3?pid=ACCGFYCGHH8CUDZW&amp;lid=LSTACCGFYCGHH8CUDZWCAQ6CO&amp;marketplace=FLIPKART&amp;q=jbl+speakers&amp;store=0pm%2F0o7&amp;srno=s_1_18&amp;otracker=AS_QueryStore_OrganicAutoSuggest_1_3_na_na_na&amp;otracker1=AS_QueryStore_OrganicAutoSuggest_1_3_na_na_na&amp;fm=organic&amp;iid=1c28ad33-5f25-4651-bf6d-1aaf661aa9ec.ACCGFYCGHH8CUDZW.SEARCH&amp;ppt=None&amp;ppn=None&amp;ssid=coevk7gmgg0000001680341268552&amp;qH=2ea9581aee816b69"" rel=""noopener noreferrer"" target=""_blank"" title=""CHG Dynamic Metal Sound With High Bass 5 W Bluetooth Speaker 10 W Bluetooth Gaming Speaker"">CHG Dynamic Metal Sound With High Bass 5 W Bluetooth Sp...</a>","<div class=""_3LWZlK"">4<img class=""_1wB99o"" src=""data:image/svg+xml;base64,PHN2ZyB4bWxucz0iaHR0cDovL3d3dy53My5vcmcvMjAwMC9zdmciIHdpZHRoPSIxMyIgaGVpZ2h0PSIxMiI+PHBhdGggZmlsbD0iI0ZGRiIgZD0iTTYuNSA5LjQzOWwtMy42NzQgMi4yMy45NC00LjI2LTMuMjEtMi44ODMgNC4yNTQtLjQwNEw2LjUuMTEybDEuNjkgNC4wMSA0LjI1NC40MDQtMy4yMSAyLjg4Mi45NCA0LjI2eiIvPjwvc3ZnPg==""/></div>","<div class=""_30jeq3"">₹499</div>"
18,"<a class=""s1Q9rs"" href=""/jbl-clip4-5-w-bluetooth-speaker/p/itm2a8c3ffddb7fb?pid=ACCGYTVS4ZXF6HBJ&amp;lid=LSTACCGYTVS4ZXF6HBJZYL3Y9&amp;marketplace=FLIPKART&amp;q=jbl+speakers&amp;store=0pm%2F0o7&amp;srno=s_1_19&amp;otracker=AS_QueryStore_OrganicAutoSuggest_1_3_na_na_na&amp;otracker1=AS_QueryStore_OrganicAutoSuggest_1_3_na_na_na&amp;fm=organic&amp;iid=1c28ad33-5f25-4651-bf6d-1aaf661aa9ec.ACCGYTVS4ZXF6HBJ.SEARCH&amp;ppt=None&amp;ppn=None&amp;ssid=coevk7gmgg0000001680341268552&amp;qH=2ea9581aee816b69"" rel=""noopener noreferrer"" target=""_blank"" title=""JBL Clip4 5 W Bluetooth Speaker"">JBL Clip4 5 W Bluetooth Speaker</a>","<div class=""_3LWZlK"">4.4<img class=""_1wB99o"" src=""data:image/svg+xml;base64,PHN2ZyB4bWxucz0iaHR0cDovL3d3dy53My5vcmcvMjAwMC9zdmciIHdpZHRoPSIxMyIgaGVpZ2h0PSIxMiI+PHBhdGggZmlsbD0iI0ZGRiIgZD0iTTYuNSA5LjQzOWwtMy42NzQgMi4yMy45NC00LjI2LTMuMjEtMi44ODMgNC4yNTQtLjQwNEw2LjUuMTEybDEuNjkgNC4wMSA0LjI1NC40MDQtMy4yMSAyLjg4Mi45NCA0LjI2eiIvPjwvc3ZnPg==""/></div>","<div class=""_30jeq3"">₹4,499</div>"
19,"<a class=""s1Q9rs"" href=""/boat-aavante-bar-3200d-350w-rms-soundbar-dolby-audio-350-w-bluetooth/p/itm4846deea47735?pid=ACCGNFUTQJTMHMEZ&amp;lid=LSTACCGNFUTQJTMHMEZLMAVIC&amp;marketplace=FLIPKART&amp;q=jbl+speakers&amp;store=0pm%2F0o7&amp;srno=s_1_20&amp;otracker=AS_QueryStore_OrganicAutoSuggest_1_3_na_na_na&amp;otracker1=AS_QueryStore_OrganicAutoSuggest_1_3_na_na_na&amp;fm=organic&amp;iid=en_4W3wTM8XzRBhgukZyry8pcCoCdH2Wrv4VemOLBpzgBthFofYRjKRSM84ocJOx%2BGJRyj3p2fe7q9%2FlV1yQujvAw%3D%3D&amp;ppt=None&amp;ppn=None&amp;ssid=coevk7gmgg0000001680341268552&amp;qH=2ea9581aee816b69"" rel=""noopener noreferrer"" target=""_blank"" title=""boAt Aavante Bar 3200D 350W RMS Soundbar with Dolby Audio 350 W Bluetooth Soundbar"">boAt Aavante Bar 3200D 350W RMS Soundbar with Dolby Aud...</a>","<div class=""_3LWZlK"">4.2<img class=""_1wB99o"" src=""data:image/svg+xml;base64,PHN2ZyB4bWxucz0iaHR0cDovL3d3dy53My5vcmcvMjAwMC9zdmciIHdpZHRoPSIxMyIgaGVpZ2h0PSIxMiI+PHBhdGggZmlsbD0iI0ZGRiIgZD0iTTYuNSA5LjQzOWwtMy42NzQgMi4yMy45NC00LjI2LTMuMjEtMi44ODMgNC4yNTQtLjQwNEw2LjUuMTEybDEuNjkgNC4wMSA0LjI1NC40MDQtMy4yMSAyLjg4Mi45NCA0LjI2eiIvPjwvc3ZnPg==""/></div>","<div class=""_30jeq3"">₹16,999</div>"
20,"<a class=""s1Q9rs"" href=""/jbl-go3-4-2-w-bluetooth-speaker/p/itmb70062f2e7a98?pid=ACCFZZPQEM5NJXWT&amp;lid=LSTACCFZZPQEM5NJXWTOBHEJU&amp;marketplace=FLIPKART&amp;q=jbl+speakers&amp;store=0pm%2F0o7&amp;srno=s_1_21&amp;otracker=AS_QueryStore_OrganicAutoSuggest_1_3_na_na_na&amp;otracker1=AS_QueryStore_OrganicAutoSuggest_1_3_na_na_na&amp;fm=organic&amp;iid=1c28ad33-5f25-4651-bf6d-1aaf661aa9ec.ACCFZZPQEM5NJXWT.SEARCH&amp;ppt=None&amp;ppn=None&amp;ssid=coevk7gmgg0000001680341268552&amp;qH=2ea9581aee816b69"" rel=""noopener noreferrer"" target=""_blank"" title=""JBL GO3 4.2 W Bluetooth Speaker"">JBL GO3 4.2 W Bluetooth Speaker</a>","<div class=""_3LWZlK"">4.4<img class=""_1wB99o"" src=""data:image/svg+xml;base64,PHN2ZyB4bWxucz0iaHR0cDovL3d3dy53My5vcmcvMjAwMC9zdmciIHdpZHRoPSIxMyIgaGVpZ2h0PSIxMiI+PHBhdGggZmlsbD0iI0ZGRiIgZD0iTTYuNSA5LjQzOWwtMy42NzQgMi4yMy45NC00LjI2LTMuMjEtMi44ODMgNC4yNTQtLjQwNEw2LjUuMTEybDEuNjkgNC4wMSA0LjI1NC40MDQtMy4yMSAyLjg4Mi45NCA0LjI2eiIvPjwvc3ZnPg==""/></div>","<div class=""_30jeq3"">₹3,222</div>"
21,"<a class=""s1Q9rs"" href=""/jbl-flip-5-12hr-playtime-ipx7-waterproof-partyboost-portable-20-w-bluetooth-speaker/p/itm2571e815286ac?pid=ACCFGNE2XTYWPBYR&amp;lid=LSTACCFGNE2XTYWPBYRLYSFHD&amp;marketplace=FLIPKART&amp;q=jbl+speakers&amp;store=0pm%2F0o7&amp;srno=s_1_22&amp;otracker=AS_QueryStore_OrganicAutoSuggest_1_3_na_na_na&amp;otracker1=AS_QueryStore_OrganicAutoSuggest_1_3_na_na_na&amp;fm=organic&amp;iid=1c28ad33-5f25-4651-bf6d-1aaf661aa9ec.ACCFGNE2XTYWPBYR.SEARCH&amp;ppt=None&amp;ppn=None&amp;ssid=coevk7gmgg0000001680341268552&amp;qH=2ea9581aee816b69"" rel=""noopener noreferrer"" target=""_blank"" title=""JBL Flip 5 with 12Hr Playtime, IPX7 Waterproof, Partyboost Portable 20 W Bluetooth Speaker"">JBL Flip 5 with 12Hr Playtime, IPX7 Waterproof, Partybo...</a>","<div class=""_3LWZlK"">4.4<img class=""_1wB99o"" src=""data:image/svg+xml;base64,PHN2ZyB4bWxucz0iaHR0cDovL3d3dy53My5vcmcvMjAwMC9zdmciIHdpZHRoPSIxMyIgaGVpZ2h0PSIxMiI+PHBhdGggZmlsbD0iI0ZGRiIgZD0iTTYuNSA5LjQzOWwtMy42NzQgMi4yMy45NC00LjI2LTMuMjEtMi44ODMgNC4yNTQtLjQwNEw2LjUuMTEybDEuNjkgNC4wMSA0LjI1NC40MDQtMy4yMSAyLjg4Mi45NCA0LjI2eiIvPjwvc3ZnPg==""/></div>","<div class=""_30jeq3"">₹8,815</div>"
22,"<a class=""s1Q9rs"" href=""/jbl-flip-6-12hr-playtime-customize-audio-app-ip67-rating-portable-30-w-bluetooth-speaker/p/itmad738772bc282?pid=ACCGCCFQ3APM6XYZ&amp;lid=LSTACCGCCFQ3APM6XYZKX8GYJ&amp;marketplace=FLIPKART&amp;q=jbl+speakers&amp;store=0pm%2F0o7&amp;srno=s_1_23&amp;otracker=AS_QueryStore_OrganicAutoSuggest_1_3_na_na_na&amp;otracker1=AS_QueryStore_OrganicAutoSuggest_1_3_na_na_na&amp;fm=organic&amp;iid=1c28ad33-5f25-4651-bf6d-1aaf661aa9ec.ACCGCCFQ3APM6XYZ.SEARCH&amp;ppt=None&amp;ppn=None&amp;ssid=coevk7gmgg0000001680341268552&amp;qH=2ea9581aee816b69"" rel=""noopener noreferrer"" target=""_blank"" title=""JBL Flip 6 with 12Hr Playtime, Customize Audio by JBL App,IP67 Rating, Portable 30 W Bluetooth Speaker"">JBL Flip 6 with 12Hr Playtime, Customize Audio by JBL A...</a>","<div class=""_3LWZlK"">4.4<img class=""_1wB99o"" src=""data:image/svg+xml;base64,PHN2ZyB4bWxucz0iaHR0cDovL3d3dy53My5vcmcvMjAwMC9zdmciIHdpZHRoPSIxMyIgaGVpZ2h0PSIxMiI+PHBhdGggZmlsbD0iI0ZGRiIgZD0iTTYuNSA5LjQzOWwtMy42NzQgMi4yMy45NC00LjI2LTMuMjEtMi44ODMgNC4yNTQtLjQwNEw2LjUuMTEybDEuNjkgNC4wMSA0LjI1NC40MDQtMy4yMSAyLjg4Mi45NCA0LjI2eiIvPjwvc3ZnPg==""/></div>","<div class=""_30jeq3"">₹11,999</div>"
23,"<a class=""s1Q9rs"" href=""/jbl-partybox-310-pro-sound-dynamic-light-show-240w-portable-240-w-bluetooth-soundbar/p/itmc9034bf3d3063?pid=ACCGYZKVPKDE3ZCJ&amp;lid=LSTACCGYZKVPKDE3ZCJVXKZBT&amp;marketplace=FLIPKART&amp;q=jbl+speakers&amp;store=0pm%2F0o7&amp;srno=s_1_24&amp;otracker=AS_QueryStore_OrganicAutoSuggest_1_3_na_na_na&amp;otracker1=AS_QueryStore_OrganicAutoSuggest_1_3_na_na_na&amp;fm=organic&amp;iid=1c28ad33-5f25-4651-bf6d-1aaf661aa9ec.ACCGYZKVPKDE3ZCJ.SEARCH&amp;ppt=None&amp;ppn=None&amp;ssid=coevk7gmgg0000001680341268552&amp;qH=2ea9581aee816b69"" rel=""noopener noreferrer"" target=""_blank"" title=""JBL Partybox 310 with JBL Pro Sound, Dynamic Light Show, 240W, Portable 240 W Bluetooth Soundbar"">JBL Partybox 310 with JBL Pro Sound, Dynamic Light Show...</a>","<div class=""_3LWZlK"">4.5<img class=""_1wB99o"" src=""data:image/svg+xml;base64,PHN2ZyB4bWxucz0iaHR0cDovL3d3dy53My5vcmcvMjAwMC9zdmciIHdpZHRoPSIxMyIgaGVpZ2h0PSIxMiI+PHBhdGggZmlsbD0iI0ZGRiIgZD0iTTYuNSA5LjQzOWwtMy42NzQgMi4yMy45NC00LjI2LTMuMjEtMi44ODMgNC4yNTQtLjQwNEw2LjUuMTEybDEuNjkgNC4wMSA0LjI1NC40MDQtMy4yMSAyLjg4Mi45NCA0LjI2eiIvPjwvc3ZnPg==""/></div>","<div class=""_30jeq3"">₹42,999</div>"
24,"<a class=""s1Q9rs"" href=""/jbl-partybox-encore-essential-music-synced-strobe-lightshow-jbl-app-100-w-bluetooth-party-speaker/p/itm09f5f4df51811?pid=ACCGDJRRKZZWJ2KG&amp;lid=LSTACCGDJRRKZZWJ2KGPBEYWS&amp;marketplace=FLIPKART&amp;q=jbl+speakers&amp;store=0pm%2F0o7&amp;srno=s_1_25&amp;otracker=AS_QueryStore_OrganicAutoSuggest_1_3_na_na_na&amp;otracker1=AS_QueryStore_OrganicAutoSuggest_1_3_na_na_na&amp;fm=organic&amp;iid=1c28ad33-5f25-4651-bf6d-1aaf661aa9ec.ACCGDJRRKZZWJ2KG.SEARCH&amp;ppt=None&amp;ppn=None&amp;ssid=coevk7gmgg0000001680341268552&amp;qH=2ea9581aee816b69"" rel=""noopener noreferrer"" target=""_blank"" title=""JBL PartyBox Encore Essential,Music Synced Strobe Lightshow,JBL PartyBox App 100 W Bluetooth Party Speaker"">JBL PartyBox Encore Essential,Music Synced Strobe Light...</a>","<div class=""_3LWZlK"">4.5<img class=""_1wB99o"" src=""data:image/svg+xml;base64,PHN2ZyB4bWxucz0iaHR0cDovL3d3dy53My5vcmcvMjAwMC9zdmciIHdpZHRoPSIxMyIgaGVpZ2h0PSIxMiI+PHBhdGggZmlsbD0iI0ZGRiIgZD0iTTYuNSA5LjQzOWwtMy42NzQgMi4yMy45NC00LjI2LTMuMjEtMi44ODMgNC4yNTQtLjQwNEw2LjUuMTEybDEuNjkgNC4wMSA0LjI1NC40MDQtMy4yMSAyLjg4Mi45NCA0LjI2eiIvPjwvc3ZnPg==""/></div>","<div class=""_30jeq3"">₹20,479</div>"
25,"<a class=""s1Q9rs"" href=""/jbl-charge-5-20hr-playtime-ip67-rating-7500-mah-powerbank-portable-40-w-bluetooth-speaker/p/itm1b1e1d8be9501?pid=ACCG75ND89GGG4SV&amp;lid=LSTACCG75ND89GGG4SVOPKIVF&amp;marketplace=FLIPKART&amp;q=jbl+speakers&amp;store=0pm%2F0o7&amp;srno=s_1_26&amp;otracker=AS_QueryStore_OrganicAutoSuggest_1_3_na_na_na&amp;otracker1=AS_QueryStore_OrganicAutoSuggest_1_3_na_na_na&amp;fm=organic&amp;iid=1c28ad33-5f25-4651-bf6d-1aaf661aa9ec.ACCG75ND89GGG4SV.SEARCH&amp;ppt=None&amp;ppn=None&amp;ssid=coevk7gmgg0000001680341268552&amp;qH=2ea9581aee816b69"" rel=""noopener noreferrer"" target=""_blank"" title=""JBL Charge 5 with 20Hr Playtime,IP67 Rating,7500 mAh Powerbank, Portable 40 W Bluetooth Speaker"">JBL Charge 5 with 20Hr Playtime,IP67 Rating,7500 mAh Po...</a>","<div class=""_3LWZlK"">4.3<img class=""_1wB99o"" src=""data:image/svg+xml;base64,PHN2ZyB4bWxucz0iaHR0cDovL3d3dy53My5vcmcvMjAwMC9zdmciIHdpZHRoPSIxMyIgaGVpZ2h0PSIxMiI+PHBhdGggZmlsbD0iI0ZGRiIgZD0iTTYuNSA5LjQzOWwtMy42NzQgMi4yMy45NC00LjI2LTMuMjEtMi44ODMgNC4yNTQtLjQwNEw2LjUuMTEybDEuNjkgNC4wMSA0LjI1NC40MDQtMy4yMSAyLjg4Mi45NCA0LjI2eiIvPjwvc3ZnPg==""/></div>","<div class=""_30jeq3"">₹15,879</div>"
26,"<a class=""s1Q9rs"" href=""/jbl-bar51-dolby-digital-dts-wireless-speakers-subwoofer-4k-surround-sound-510-w-bluetooth-soundbar/p/itmffegwmenp8fev?pid=ACCFFEGWYNNDVAVR&amp;lid=LSTACCFFEGWYNNDVAVRVWOX4G&amp;marketplace=FLIPKART&amp;q=jbl+speakers&amp;store=0pm%2F0o7&amp;srno=s_1_27&amp;otracker=AS_QueryStore_OrganicAutoSuggest_1_3_na_na_na&amp;otracker1=AS_QueryStore_OrganicAutoSuggest_1_3_na_na_na&amp;fm=organic&amp;iid=1c28ad33-5f25-4651-bf6d-1aaf661aa9ec.ACCFFEGWYNNDVAVR.SEARCH&amp;ppt=None&amp;ppn=None&amp;ssid=coevk7gmgg0000001680341268552&amp;qH=2ea9581aee816b69"" rel=""noopener noreferrer"" target=""_blank"" title=""JBL BAR51 Dolby Digital DTS with (Wireless Speakers and subwoofer &amp; 4k Surround Sound) 510 W Bluetooth Soundbar"">JBL BAR51 Dolby Digital DTS with (Wireless Speakers and...</a>","<div class=""_3LWZlK"">4.4<img class=""_1wB99o"" src=""data:image/svg+xml;base64,PHN2ZyB4bWxucz0iaHR0cDovL3d3dy53My5vcmcvMjAwMC9zdmciIHdpZHRoPSIxMyIgaGVpZ2h0PSIxMiI+PHBhdGggZmlsbD0iI0ZGRiIgZD0iTTYuNSA5LjQzOWwtMy42NzQgMi4yMy45NC00LjI2LTMuMjEtMi44ODMgNC4yNTQtLjQwNEw2LjUuMTEybDEuNjkgNC4wMSA0LjI1NC40MDQtMy4yMSAyLjg4Mi45NCA0LjI2eiIvPjwvc3ZnPg==""/></div>","<div class=""_30jeq3"">₹54,999</div>"
27,"<a class=""s1Q9rs"" href=""/jbl-flip-5-12hr-playtime-ipx7-waterproof-partyboost-portable-20-w-bluetooth-speaker/p/itm2bf17461719c5?pid=ACCFGNE2G54FSFHZ&amp;lid=LSTACCFGNE2G54FSFHZ14F96V&amp;marketplace=FLIPKART&amp;q=jbl+speakers&amp;store=0pm%2F0o7&amp;srno=s_1_28&amp;otracker=AS_QueryStore_OrganicAutoSuggest_1_3_na_na_na&amp;otracker1=AS_QueryStore_OrganicAutoSuggest_1_3_na_na_na&amp;fm=organic&amp;iid=1c28ad33-5f25-4651-bf6d-1aaf661aa9ec.ACCFGNE2G54FSFHZ.SEARCH&amp;ppt=None&amp;ppn=None&amp;ssid=coevk7gmgg0000001680341268552&amp;qH=2ea9581aee816b69"" rel=""noopener noreferrer"" target=""_blank"" title=""JBL Flip 5 with 12Hr Playtime, IPX7 Waterproof, Partyboost Portable 20 W Bluetooth Speaker"">JBL Flip 5 with 12Hr Playtime, IPX7 Waterproof, Partybo...</a>","<div class=""_3LWZlK"">4.4<img class=""_1wB99o"" src=""data:image/svg+xml;base64,PHN2ZyB4bWxucz0iaHR0cDovL3d3dy53My5vcmcvMjAwMC9zdmciIHdpZHRoPSIxMyIgaGVpZ2h0PSIxMiI+PHBhdGggZmlsbD0iI0ZGRiIgZD0iTTYuNSA5LjQzOWwtMy42NzQgMi4yMy45NC00LjI2LTMuMjEtMi44ODMgNC4yNTQtLjQwNEw2LjUuMTEybDEuNjkgNC4wMSA0LjI1NC40MDQtMy4yMSAyLjg4Mi45NCA0LjI2eiIvPjwvc3ZnPg==""/></div>","<div class=""_30jeq3"">₹8,886</div>"
28,"<a class=""s1Q9rs"" href=""/jbl-xtreme-3-in-built-powerbank-portable-50-w-bluetooth-speaker/p/itmfe4d7b4a19c1f?pid=ACCG8RFVMZYWTYGR&amp;lid=LSTACCG8RFVMZYWTYGRIFYPDY&amp;marketplace=FLIPKART&amp;q=jbl+speakers&amp;store=0pm%2F0o7&amp;srno=s_1_29&amp;otracker=AS_QueryStore_OrganicAutoSuggest_1_3_na_na_na&amp;otracker1=AS_QueryStore_OrganicAutoSuggest_1_3_na_na_na&amp;fm=organic&amp;iid=1c28ad33-5f25-4651-bf6d-1aaf661aa9ec.ACCG8RFVMZYWTYGR.SEARCH&amp;ppt=None&amp;ppn=None&amp;ssid=coevk7gmgg0000001680341268552&amp;qH=2ea9581aee816b69"" rel=""noopener noreferrer"" target=""_blank"" title=""JBL Xtreme 3 with In-Built Powerbank Portable 50 W Bluetooth Speaker"">JBL Xtreme 3 with In-Built Powerbank Portable 50 W Blue...</a>","<div class=""_3LWZlK"">4.2<img class=""_1wB99o"" src=""data:image/svg+xml;base64,PHN2ZyB4bWxucz0iaHR0cDovL3d3dy53My5vcmcvMjAwMC9zdmciIHdpZHRoPSIxMyIgaGVpZ2h0PSIxMiI+PHBhdGggZmlsbD0iI0ZGRiIgZD0iTTYuNSA5LjQzOWwtMy42NzQgMi4yMy45NC00LjI2LTMuMjEtMi44ODMgNC4yNTQtLjQwNEw2LjUuMTEybDEuNjkgNC4wMSA0LjI1NC40MDQtMy4yMSAyLjg4Mi45NCA0LjI2eiIvPjwvc3ZnPg==""/></div>","<div class=""_30jeq3"">₹21,999</div>"
29,"<a class=""s1Q9rs"" href=""/jbl-clip4-5-w-bluetooth-speaker/p/itmb1756726b0a26?pid=ACCGYTVS9QJNSCGQ&amp;lid=LSTACCGYTVS9QJNSCGQ0MELDP&amp;marketplace=FLIPKART&amp;q=jbl+speakers&amp;store=0pm%2F0o7&amp;srno=s_1_30&amp;otracker=AS_QueryStore_OrganicAutoSuggest_1_3_na_na_na&amp;otracker1=AS_QueryStore_OrganicAutoSuggest_1_3_na_na_na&amp;fm=organic&amp;iid=1c28ad33-5f25-4651-bf6d-1aaf661aa9ec.ACCGYTVS9QJNSCGQ.SEARCH&amp;ppt=None&amp;ppn=None&amp;ssid=coevk7gmgg0000001680341268552&amp;qH=2ea9581aee816b69"" rel=""noopener noreferrer"" target=""_blank"" title=""JBL Clip4 5 W Bluetooth Speaker"">JBL Clip4 5 W Bluetooth Speaker</a>","<div class=""_3LWZlK"">4.4<img class=""_1wB99o"" src=""data:image/svg+xml;base64,PHN2ZyB4bWxucz0iaHR0cDovL3d3dy53My5vcmcvMjAwMC9zdmciIHdpZHRoPSIxMyIgaGVpZ2h0PSIxMiI+PHBhdGggZmlsbD0iI0ZGRiIgZD0iTTYuNSA5LjQzOWwtMy42NzQgMi4yMy45NC00LjI2LTMuMjEtMi44ODMgNC4yNTQtLjQwNEw2LjUuMTEybDEuNjkgNC4wMSA0LjI1NC40MDQtMy4yMSAyLjg4Mi45NCA0LjI2eiIvPjwvc3ZnPg==""/></div>","<div class=""_30jeq3"">₹4,299</div>"
30,"<a class=""s1Q9rs"" href=""/cihlex-new-2021-a005-dolby-sound-bass-disco-color-change-light-built-wireless-bluetooth-speaker-mobile-tablet-laptop-computer-gaming-usb-fm-tf-card-line-aux-supported-20-w/p/itm86eebed06b858?pid=ACCG8YMYBYYX8CB2&amp;lid=LSTACCG8YMYBYYX8CB2HKOPNQ&amp;marketplace=FLIPKART&amp;q=jbl+speakers&amp;store=0pm%2F0o7&amp;srno=s_1_31&amp;otracker=AS_QueryStore_OrganicAutoSuggest_1_3_na_na_na&amp;otracker1=AS_QueryStore_OrganicAutoSuggest_1_3_na_na_na&amp;fm=organic&amp;iid=1c28ad33-5f25-4651-bf6d-1aaf661aa9ec.ACCG8YMYBYYX8CB2.SEARCH&amp;ppt=None&amp;ppn=None&amp;ssid=coevk7gmgg0000001680341268552&amp;qH=2ea9581aee816b69"" rel=""noopener noreferrer"" target=""_blank"" title=""CIHLEX NEW 2021 A005 Dolby sound Bass With Disco Color Change Light In Built Wireless Bluetooth Speaker {MOBILE,TABLET,LAPTOP,COMPUTER,Gaming} USB/FM/TF card &amp; line in aux supported 20 W Bluetooth Speaker"">CIHLEX NEW 2021 A005 Dolby sound Bass With Disco Color ...</a>","<div class=""_3LWZlK"">3.8<img class=""_1wB99o"" src=""data:image/svg+xml;base64,PHN2ZyB4bWxucz0iaHR0cDovL3d3dy53My5vcmcvMjAwMC9zdmciIHdpZHRoPSIxMyIgaGVpZ2h0PSIxMiI+PHBhdGggZmlsbD0iI0ZGRiIgZD0iTTYuNSA5LjQzOWwtMy42NzQgMi4yMy45NC00LjI2LTMuMjEtMi44ODMgNC4yNTQtLjQwNEw2LjUuMTEybDEuNjkgNC4wMSA0LjI1NC40MDQtMy4yMSAyLjg4Mi45NCA0LjI2eiIvPjwvc3ZnPg==""/></div>","<div class=""_30jeq3"">₹678</div>"
31,"<a class=""s1Q9rs"" href=""/cihyard-bluetooth-speaker-power-boost-high-sound-blast-ultra-3d-bass-new-arrival-10-w/p/itm00bafcf647cfa?pid=ACCGAYUCXMFBRR3A&amp;lid=LSTACCGAYUCXMFBRR3ATR4HFU&amp;marketplace=FLIPKART&amp;q=jbl+speakers&amp;store=0pm%2F0o7&amp;srno=s_1_32&amp;otracker=AS_QueryStore_OrganicAutoSuggest_1_3_na_na_na&amp;otracker1=AS_QueryStore_OrganicAutoSuggest_1_3_na_na_na&amp;fm=organic&amp;iid=1c28ad33-5f25-4651-bf6d-1aaf661aa9ec.ACCGAYUCXMFBRR3A.SEARCH&amp;ppt=None&amp;ppn=None&amp;ssid=coevk7gmgg0000001680341268552&amp;qH=2ea9581aee816b69"" rel=""noopener noreferrer"" target=""_blank"" title=""CIHYARD Bluetooth Speaker Power boost high sound blast with ultra 3d bass New arrival 10 W Bluetooth Speaker"">CIHYARD Bluetooth Speaker Power boost high sound blast ...</a>","<div class=""_3LWZlK"">3.8<img class=""_1wB99o"" src=""data:image/svg+xml;base64,PHN2ZyB4bWxucz0iaHR0cDovL3d3dy53My5vcmcvMjAwMC9zdmciIHdpZHRoPSIxMyIgaGVpZ2h0PSIxMiI+PHBhdGggZmlsbD0iI0ZGRiIgZD0iTTYuNSA5LjQzOWwtMy42NzQgMi4yMy45NC00LjI2LTMuMjEtMi44ODMgNC4yNTQtLjQwNEw2LjUuMTEybDEuNjkgNC4wMSA0LjI1NC40MDQtMy4yMSAyLjg4Mi45NCA0LjI2eiIvPjwvc3ZnPg==""/></div>","<div class=""_30jeq3"">₹499</div>"
32,"<a class=""s1Q9rs"" href=""/jbl-flip-6-12hr-playtime-customize-audio-app-ip67-rating-portable-30-w-bluetooth-speaker/p/itm2a2684b191958?pid=ACCGEMRZUTYSZ3HZ&amp;lid=LSTACCGEMRZUTYSZ3HZNNLAFG&amp;marketplace=FLIPKART&amp;q=jbl+speakers&amp;store=0pm%2F0o7&amp;srno=s_1_33&amp;otracker=AS_QueryStore_OrganicAutoSuggest_1_3_na_na_na&amp;otracker1=AS_QueryStore_OrganicAutoSuggest_1_3_na_na_na&amp;fm=organic&amp;iid=1c28ad33-5f25-4651-bf6d-1aaf661aa9ec.ACCGEMRZUTYSZ3HZ.SEARCH&amp;ppt=None&amp;ppn=None&amp;ssid=coevk7gmgg0000001680341268552&amp;qH=2ea9581aee816b69"" rel=""noopener noreferrer"" target=""_blank"" title=""JBL Flip 6 with 12Hr Playtime, Customize Audio by JBL App,IP67 Rating, Portable 30 W Bluetooth Speaker"">JBL Flip 6 with 12Hr Playtime, Customize Audio by JBL A...</a>","<div class=""_3LWZlK"">4.4<img class=""_1wB99o"" src=""data:image/svg+xml;base64,PHN2ZyB4bWxucz0iaHR0cDovL3d3dy53My5vcmcvMjAwMC9zdmciIHdpZHRoPSIxMyIgaGVpZ2h0PSIxMiI+PHBhdGggZmlsbD0iI0ZGRiIgZD0iTTYuNSA5LjQzOWwtMy42NzQgMi4yMy45NC00LjI2LTMuMjEtMi44ODMgNC4yNTQtLjQwNEw2LjUuMTEybDEuNjkgNC4wMSA0LjI1NC40MDQtMy4yMSAyLjg4Mi45NCA0LjI2eiIvPjwvc3ZnPg==""/></div>","<div class=""_30jeq3"">₹11,499</div>"
33,"<a class=""s1Q9rs"" href=""/jbl-clip4-5-w-bluetooth-speaker/p/itmab197ec83daa7?pid=ACCGYTVS5PCUSUQK&amp;lid=LSTACCGYTVS5PCUSUQKR0FPAD&amp;marketplace=FLIPKART&amp;q=jbl+speakers&amp;store=0pm%2F0o7&amp;srno=s_1_34&amp;otracker=AS_QueryStore_OrganicAutoSuggest_1_3_na_na_na&amp;otracker1=AS_QueryStore_OrganicAutoSuggest_1_3_na_na_na&amp;fm=organic&amp;iid=1c28ad33-5f25-4651-bf6d-1aaf661aa9ec.ACCGYTVS5PCUSUQK.SEARCH&amp;ppt=None&amp;ppn=None&amp;ssid=coevk7gmgg0000001680341268552&amp;qH=2ea9581aee816b69"" rel=""noopener noreferrer"" target=""_blank"" title=""JBL Clip4 5 W Bluetooth Speaker"">JBL Clip4 5 W Bluetooth Speaker</a>","<div class=""_3LWZlK"">4.4<img class=""_1wB99o"" src=""data:image/svg+xml;base64,PHN2ZyB4bWxucz0iaHR0cDovL3d3dy53My5vcmcvMjAwMC9zdmciIHdpZHRoPSIxMyIgaGVpZ2h0PSIxMiI+PHBhdGggZmlsbD0iI0ZGRiIgZD0iTTYuNSA5LjQzOWwtMy42NzQgMi4yMy45NC00LjI2LTMuMjEtMi44ODMgNC4yNTQtLjQwNEw2LjUuMTEybDEuNjkgNC4wMSA0LjI1NC40MDQtMy4yMSAyLjg4Mi45NCA0LjI2eiIvPjwvc3ZnPg==""/></div>","<div class=""_30jeq3"">₹4,299</div>"
34,"<a class=""s1Q9rs"" href=""/jbl-harman-flip-5-20-w-bluetooth-speaker/p/itm0aa35e8360a30?pid=ACCFP638FTKX3HVJ&amp;lid=LSTACCFP638FTKX3HVJDCYOX7&amp;marketplace=FLIPKART&amp;q=jbl+speakers&amp;store=0pm%2F0o7&amp;srno=s_1_35&amp;otracker=AS_QueryStore_OrganicAutoSuggest_1_3_na_na_na&amp;otracker1=AS_QueryStore_OrganicAutoSuggest_1_3_na_na_na&amp;fm=organic&amp;iid=1c28ad33-5f25-4651-bf6d-1aaf661aa9ec.ACCFP638FTKX3HVJ.SEARCH&amp;ppt=None&amp;ppn=None&amp;ssid=coevk7gmgg0000001680341268552&amp;qH=2ea9581aee816b69"" rel=""noopener noreferrer"" target=""_blank"" title=""JBL by Harman Flip 5 20 W Bluetooth Speaker"">JBL by Harman Flip 5 20 W Bluetooth Speaker</a>","<div class=""_3LWZlK"">4.4<img class=""_1wB99o"" src=""data:image/svg+xml;base64,PHN2ZyB4bWxucz0iaHR0cDovL3d3dy53My5vcmcvMjAwMC9zdmciIHdpZHRoPSIxMyIgaGVpZ2h0PSIxMiI+PHBhdGggZmlsbD0iI0ZGRiIgZD0iTTYuNSA5LjQzOWwtMy42NzQgMi4yMy45NC00LjI2LTMuMjEtMi44ODMgNC4yNTQtLjQwNEw2LjUuMTEybDEuNjkgNC4wMSA0LjI1NC40MDQtMy4yMSAyLjg4Mi45NCA0LjI2eiIvPjwvc3ZnPg==""/></div>","<div class=""_30jeq3"">₹8,999</div>"
35,"<a class=""s1Q9rs"" href=""/jbl-charge-5-20hr-playtime-ip67-rating-7500-mah-powerbank-portable-40-w-bluetooth-speaker/p/itma74e2aa5fefe2?pid=ACCG75NDQVSPTBV2&amp;lid=LSTACCG75NDQVSPTBV2AOIQFK&amp;marketplace=FLIPKART&amp;q=jbl+speakers&amp;store=0pm%2F0o7&amp;srno=s_1_36&amp;otracker=AS_QueryStore_OrganicAutoSuggest_1_3_na_na_na&amp;otracker1=AS_QueryStore_OrganicAutoSuggest_1_3_na_na_na&amp;fm=organic&amp;iid=1c28ad33-5f25-4651-bf6d-1aaf661aa9ec.ACCG75NDQVSPTBV2.SEARCH&amp;ppt=None&amp;ppn=None&amp;ssid=coevk7gmgg0000001680341268552&amp;qH=2ea9581aee816b69"" rel=""noopener noreferrer"" target=""_blank"" title=""JBL Charge 5 with 20Hr Playtime,IP67 Rating,7500 mAh Powerbank, Portable 40 W Bluetooth Speaker"">JBL Charge 5 with 20Hr Playtime,IP67 Rating,7500 mAh Po...</a>","<div class=""_3LWZlK"">4.3<img class=""_1wB99o"" src=""data:image/svg+xml;base64,PHN2ZyB4bWxucz0iaHR0cDovL3d3dy53My5vcmcvMjAwMC9zdmciIHdpZHRoPSIxMyIgaGVpZ2h0PSIxMiI+PHBhdGggZmlsbD0iI0ZGRiIgZD0iTTYuNSA5LjQzOWwtMy42NzQgMi4yMy45NC00LjI2LTMuMjEtMi44ODMgNC4yNTQtLjQwNEw2LjUuMTEybDEuNjkgNC4wMSA0LjI1NC40MDQtMy4yMSAyLjg4Mi45NCA0LjI2eiIvPjwvc3ZnPg==""/></div>","<div class=""_30jeq3"">₹16,496</div>"
36,"<a class=""s1Q9rs"" href=""/jbl-pulse-4-20-w-bluetooth-speaker/p/itm11c02df7c6168?pid=ACCFZJJ4JMRF3BXQ&amp;lid=LSTACCFZJJ4JMRF3BXQR0IZOM&amp;marketplace=FLIPKART&amp;q=jbl+speakers&amp;store=0pm%2F0o7&amp;srno=s_1_37&amp;otracker=AS_QueryStore_OrganicAutoSuggest_1_3_na_na_na&amp;otracker1=AS_QueryStore_OrganicAutoSuggest_1_3_na_na_na&amp;fm=organic&amp;iid=1c28ad33-5f25-4651-bf6d-1aaf661aa9ec.ACCFZJJ4JMRF3BXQ.SEARCH&amp;ppt=None&amp;ppn=None&amp;ssid=coevk7gmgg0000001680341268552&amp;qH=2ea9581aee816b69"" rel=""noopener noreferrer"" target=""_blank"" title=""JBL Pulse 4 20 W Bluetooth Speaker"">JBL Pulse 4 20 W Bluetooth Speaker</a>","<div class=""_3LWZlK"">4.5<img class=""_1wB99o"" src=""data:image/svg+xml;base64,PHN2ZyB4bWxucz0iaHR0cDovL3d3dy53My5vcmcvMjAwMC9zdmciIHdpZHRoPSIxMyIgaGVpZ2h0PSIxMiI+PHBhdGggZmlsbD0iI0ZGRiIgZD0iTTYuNSA5LjQzOWwtMy42NzQgMi4yMy45NC00LjI2LTMuMjEtMi44ODMgNC4yNTQtLjQwNEw2LjUuMTEybDEuNjkgNC4wMSA0LjI1NC40MDQtMy4yMSAyLjg4Mi45NCA0LjI2eiIvPjwvc3ZnPg==""/></div>","<div class=""_30jeq3"">₹16,999</div>"
37,"<a class=""s1Q9rs"" href=""/jbl-flip-6-12hr-playtime-customize-audio-app-ip67-rating-portable-30-w-bluetooth-speaker/p/itm4b78130140c7f?pid=ACCGC7VQQQRARFFT&amp;lid=LSTACCGC7VQQQRARFFTKN5HVZ&amp;marketplace=FLIPKART&amp;q=jbl+speakers&amp;store=0pm%2F0o7&amp;srno=s_1_38&amp;otracker=AS_QueryStore_OrganicAutoSuggest_1_3_na_na_na&amp;otracker1=AS_QueryStore_OrganicAutoSuggest_1_3_na_na_na&amp;fm=organic&amp;iid=1c28ad33-5f25-4651-bf6d-1aaf661aa9ec.ACCGC7VQQQRARFFT.SEARCH&amp;ppt=None&amp;ppn=None&amp;ssid=coevk7gmgg0000001680341268552&amp;qH=2ea9581aee816b69"" rel=""noopener noreferrer"" target=""_blank"" title=""JBL Flip 6 with 12Hr Playtime, Customize Audio by JBL App,IP67 Rating, Portable 30 W Bluetooth Speaker"">JBL Flip 6 with 12Hr Playtime, Customize Audio by JBL A...</a>","<div class=""_3LWZlK"">4.4<img class=""_1wB99o"" src=""data:image/svg+xml;base64,PHN2ZyB4bWxucz0iaHR0cDovL3d3dy53My5vcmcvMjAwMC9zdmciIHdpZHRoPSIxMyIgaGVpZ2h0PSIxMiI+PHBhdGggZmlsbD0iI0ZGRiIgZD0iTTYuNSA5LjQzOWwtMy42NzQgMi4yMy45NC00LjI2LTMuMjEtMi44ODMgNC4yNTQtLjQwNEw2LjUuMTEybDEuNjkgNC4wMSA0LjI1NC40MDQtMy4yMSAyLjg4Mi45NCA0LjI2eiIvPjwvc3ZnPg==""/></div>","<div class=""_30jeq3"">₹10,999</div>"
38,"<a class=""s1Q9rs"" href=""/jbl-clip4-5-w-bluetooth-speaker/p/itmf827f68be42ae?pid=ACCGYTVSSAMWYVZG&amp;lid=LSTACCGYTVSSAMWYVZGD4FU8M&amp;marketplace=FLIPKART&amp;q=jbl+speakers&amp;store=0pm%2F0o7&amp;srno=s_1_39&amp;otracker=AS_QueryStore_OrganicAutoSuggest_1_3_na_na_na&amp;otracker1=AS_QueryStore_OrganicAutoSuggest_1_3_na_na_na&amp;fm=organic&amp;iid=1c28ad33-5f25-4651-bf6d-1aaf661aa9ec.ACCGYTVSSAMWYVZG.SEARCH&amp;ppt=None&amp;ppn=None&amp;ssid=coevk7gmgg0000001680341268552&amp;qH=2ea9581aee816b69"" rel=""noopener noreferrer"" target=""_blank"" title=""JBL Clip4 5 W Bluetooth Speaker"">JBL Clip4 5 W Bluetooth Speaker</a>","<div class=""_3LWZlK"">4.4<img class=""_1wB99o"" src=""data:image/svg+xml;base64,PHN2ZyB4bWxucz0iaHR0cDovL3d3dy53My5vcmcvMjAwMC9zdmciIHdpZHRoPSIxMyIgaGVpZ2h0PSIxMiI+PHBhdGggZmlsbD0iI0ZGRiIgZD0iTTYuNSA5LjQzOWwtMy42NzQgMi4yMy45NC00LjI2LTMuMjEtMi44ODMgNC4yNTQtLjQwNEw2LjUuMTEybDEuNjkgNC4wMSA0LjI1NC40MDQtMy4yMSAyLjg4Mi45NCA0LjI2eiIvPjwvc3ZnPg==""/></div>","<div class=""_30jeq3"">₹4,499</div>"
